epoch;accuracy;loss;val_accuracy;val_loss
0;0.6058158278465271;3.1375887393951416;0.6159420013427734;2.932910442352295
1;0.6793214678764343;2.9293057918548584;0.717391312122345;2.859689474105835
2;0.7197092175483704;2.81484317779541;0.7681159377098083;2.802050828933716
3;0.7641357183456421;2.743398904800415;0.8115941882133484;2.754160165786743
4;0.8045234084129333;2.656582832336426;0.8115941882133484;2.6917495727539062
5;0.8214862942695618;2.5906102657318115;0.8333333134651184;2.643480062484741
6;0.841680109500885;2.5555453300476074;0.8405796885490417;2.614034414291382
7;0.8529887199401855;2.511697769165039;0.8333333134651184;2.5718882083892822
8;0.8699515461921692;2.4649972915649414;0.8840579986572266;2.509671211242676
9;0.8861066102981567;2.42150616645813;0.8985507488250732;2.438958168029785
10;0.9046849608421326;2.3586933612823486;0.8623188138008118;2.415550947189331
11;0.9095314741134644;2.3519959449768066;0.9057971239089966;2.364506721496582
12;0.915185809135437;2.3224809169769287;0.9057971239089966;2.3336992263793945
13;0.9192245602607727;2.2987072467803955;0.9130434989929199;2.300908088684082
14;0.9305331110954285;2.244058132171631;0.9347826242446899;2.259310483932495
15;0.9474959373474121;2.219149351119995;0.9275362491607666;2.2521824836730957
16;0.9273021221160889;2.212953805923462;0.9420289993286133;2.2090344429016113
17;0.9442649483680725;2.1710779666900635;0.9347826242446899;2.1988701820373535
18;0.9474959373474121;2.1324026584625244;0.9202898740768433;2.1635777950286865
19;0.95315021276474;2.1105432510375977;0.9492753744125366;2.1249358654022217
20;0.9402261972427368;2.1092464923858643;0.95652174949646;2.114147424697876
21;0.95315021276474;2.071089029312134;0.9492753744125366;2.0941312313079834
22;0.966882050037384;2.0331871509552;0.9275362491607666;2.1070539951324463
23;0.9620355367660522;2.018019914627075;0.9420289993286133;2.047590732574463
24;0.9636510610580444;1.9947576522827148;0.95652174949646;2.032837390899658
25;0.9717286229133606;1.9649080038070679;0.95652174949646;2.001004934310913
26;0.9652665853500366;1.9546931982040405;0.9637681245803833;1.9809249639511108
27;0.973344087600708;1.925075650215149;0.9637681245803833;1.9514447450637817
28;0.9781906008720398;1.8988696336746216;0.9637681245803833;1.9363912343978882
29;0.9757673740386963;1.8835021257400513;0.9637681245803833;1.9186965227127075
30;0.979806125164032;1.859392523765564;0.9710144996643066;1.8965764045715332
31;0.9717286229133606;1.8552528619766235;0.9637681245803833;1.8847907781600952
32;0.9830371737480164;1.8229767084121704;0.9637681245803833;1.8664847612380981
33;0.9830371737480164;1.8032108545303345;0.9637681245803833;1.83230459690094
34;0.9846526384353638;1.7822825908660889;0.9710144996643066;1.8093644380569458
35;0.979806125164032;1.7556148767471313;0.9710144996643066;1.7905800342559814
36;0.9830371737480164;1.7412500381469727;0.9710144996643066;1.7751728296279907
37;0.979806125164032;1.7300971746444702;0.9710144996643066;1.763343334197998
38;0.9886914491653442;1.7007933855056763;0.9637681245803833;1.7400269508361816
39;0.9814216494560242;1.686964988708496;0.9637681245803833;1.718581199645996
40;0.9854604005813599;1.6632752418518066;0.9637681245803833;1.7024846076965332
41;0.9911146759986877;1.6354711055755615;0.9637681245803833;1.6747851371765137
42;0.9919224381446838;1.6211187839508057;0.9710144996643066;1.6493861675262451
43;0.9919224381446838;1.5979118347167969;0.9637681245803833;1.646708369255066
44;0.9878836870193481;1.584220290184021;0.9710144996643066;1.617950201034546
45;0.9927302002906799;1.5603127479553223;0.9710144996643066;1.5999398231506348
46;0.9886914491653442;1.5491392612457275;0.9637681245803833;1.591939091682434
47;0.993537962436676;1.5199252367019653;0.9637681245803833;1.5638580322265625
48;0.9967690110206604;1.5011166334152222;0.9637681245803833;1.543555498123169
49;0.993537962436676;1.4862239360809326;0.9637681245803833;1.530306339263916
50;0.993537962436676;1.466779112815857;0.9710144996643066;1.501746416091919
51;0.993537962436676;1.452177882194519;0.9710144996643066;1.4881970882415771
52;0.9919224381446838;1.436292290687561;0.9710144996643066;1.4690487384796143
53;0.9959612488746643;1.4135221242904663;0.9710144996643066;1.4441070556640625
54;0.9951534867286682;1.3927985429763794;0.9637681245803833;1.441663384437561
55;0.9959612488746643;1.3762410879135132;0.9637681245803833;1.4205766916275024
56;0.9903069734573364;1.3666596412658691;0.9637681245803833;1.4076356887817383
57;0.9927302002906799;1.344551682472229;0.9637681245803833;1.4000952243804932
58;0.9886914491653442;1.33201265335083;0.97826087474823;1.3586457967758179
59;0.9927302002906799;1.3126630783081055;0.97826087474823;1.3391599655151367
60;0.993537962436676;1.2931208610534668;0.97826087474823;1.3290923833847046
61;0.993537962436676;1.2832566499710083;0.9710144996643066;1.3229424953460693
62;0.9903069734573364;1.2693541049957275;0.9637681245803833;1.307852029800415
63;0.9959612488746643;1.2439264059066772;0.97826087474823;1.2748459577560425
64;0.9967690110206604;1.2272075414657593;0.9710144996643066;1.2688542604446411
65;0.9983844757080078;1.208093285560608;0.9710144996643066;1.2450065612792969
66;0.9967690110206604;1.200239658355713;0.9637681245803833;1.2406611442565918
67;0.9975767135620117;1.1774474382400513;0.9710144996643066;1.2155925035476685
68;0.9967690110206604;1.1636396646499634;0.9710144996643066;1.198950171470642
69;0.9975767135620117;1.1468502283096313;0.97826087474823;1.1841715574264526
70;0.9983844757080078;1.1304103136062622;0.97826087474823;1.1569409370422363
71;0.9975767135620117;1.1171931028366089;0.9637681245803833;1.1535027027130127
72;1.0;1.09475839138031;0.9710144996643066;1.1442283391952515
73;0.9967690110206604;1.0871505737304688;0.97826087474823;1.126035213470459
74;0.9951534867286682;1.0757606029510498;0.9855072498321533;1.1047472953796387
75;0.9943457245826721;1.0648314952850342;0.97826087474823;1.098352313041687
76;0.9991922378540039;1.0385785102844238;0.9710144996643066;1.0851777791976929
77;0.9991922378540039;1.024172306060791;0.97826087474823;1.0684776306152344
78;0.9983844757080078;1.0112382173538208;0.97826087474823;1.0612112283706665
79;0.9975767135620117;0.9975709319114685;0.9710144996643066;1.045428991317749
80;0.9991922378540039;0.9826400876045227;0.97826087474823;1.0199534893035889
81;1.0;0.9646670818328857;0.97826087474823;1.0063765048980713
82;0.9991922378540039;0.9542911052703857;0.97826087474823;1.0045866966247559
83;0.9983844757080078;0.9411177635192871;0.97826087474823;0.9836292266845703
84;0.9991922378540039;0.9289199709892273;0.97826087474823;0.9693586826324463
85;0.9975767135620117;0.9157900214195251;0.97826087474823;0.9659501314163208
86;1.0;0.8992555141448975;0.9855072498321533;0.9407014846801758
87;0.9991922378540039;0.8899387121200562;0.9855072498321533;0.9315965175628662
88;1.0;0.876820981502533;0.9855072498321533;0.9206210970878601
89;1.0;0.8623964786529541;0.9855072498321533;0.9053494930267334
90;0.9991922378540039;0.8525915145874023;0.9855072498321533;0.8935505747795105
91;0.9975767135620117;0.8421535491943359;0.9855072498321533;0.8832453489303589
92;0.9951534867286682;0.8359686732292175;0.97826087474823;0.872879683971405
93;0.9983844757080078;0.8188884854316711;0.9855072498321533;0.8605347871780396
94;0.9975767135620117;0.8071784973144531;0.9710144996643066;0.8497922420501709
95;0.9983844757080078;0.7938770055770874;0.9710144996643066;0.8432067036628723
96;0.9991922378540039;0.783900260925293;0.9855072498321533;0.8253756761550903
97;1.0;0.7709815502166748;0.9710144996643066;0.8189366459846497
98;1.0;0.7603750228881836;0.97826087474823;0.8073937296867371
99;0.9991922378540039;0.7504714131355286;0.97826087474823;0.8004684448242188
100;0.9959612488746643;0.7445979714393616;0.9855072498321533;0.774819552898407
101;1.0;0.7284886837005615;0.97826087474823;0.768122136592865
102;0.9983844757080078;0.7194703221321106;0.97826087474823;0.7598222494125366
103;1.0;0.7076608538627625;0.9855072498321533;0.747728705406189
104;1.0;0.6956157684326172;0.9855072498321533;0.7371051907539368
105;0.9991922378540039;0.6881123185157776;0.9855072498321533;0.7361339330673218
106;0.9975767135620117;0.6810407638549805;0.9855072498321533;0.7247790098190308
107;0.9991922378540039;0.6684430837631226;0.9855072498321533;0.7088944911956787
108;0.9975767135620117;0.6632336974143982;0.9855072498321533;0.6946709156036377
109;1.0;0.6490066647529602;0.9855072498321533;0.6830543875694275
110;1.0;0.6396498084068298;0.9855072498321533;0.6737827062606812
111;1.0;0.630956768989563;0.9855072498321533;0.6730362772941589
112;0.9991922378540039;0.6224365830421448;0.9855072498321533;0.6666246652603149
113;0.9975767135620117;0.6156212687492371;0.9855072498321533;0.6609857678413391
114;1.0;0.6040065288543701;0.97826087474823;0.6513229012489319
115;1.0;0.5950194597244263;0.9855072498321533;0.6357795596122742
116;1.0;0.5857456922531128;0.9855072498321533;0.6279876232147217
117;1.0;0.5770817399024963;0.9855072498321533;0.6204632520675659
118;0.9983844757080078;0.5716670155525208;0.9855072498321533;0.6078826189041138
119;0.9975767135620117;0.5640498995780945;0.9855072498321533;0.6029665470123291
120;0.9991922378540039;0.5525857210159302;0.9855072498321533;0.5925530195236206
121;1.0;0.5451087951660156;0.9855072498321533;0.585459291934967
122;1.0;0.5361873507499695;0.9855072498321533;0.5757344961166382
123;0.9983844757080078;0.5334653258323669;0.9855072498321533;0.5621414184570312
124;0.9991922378540039;0.5233175754547119;0.9855072498321533;0.5608034729957581
125;0.9983844757080078;0.5189740061759949;0.9855072498321533;0.5565860867500305
126;0.9991922378540039;0.5087321996688843;0.9855072498321533;0.54989093542099
127;0.9991922378540039;0.5013753175735474;0.97826087474823;0.5625839829444885
128;0.9991922378540039;0.4965415596961975;0.97826087474823;0.5395679473876953
129;0.9991922378540039;0.48716044425964355;0.9855072498321533;0.5299798250198364
130;0.9991922378540039;0.4816550016403198;0.9855072498321533;0.5269742608070374
131;1.0;0.47227370738983154;0.9855072498321533;0.5158899426460266
132;0.9991922378540039;0.4672536551952362;0.9855072498321533;0.5066943764686584
133;1.0;0.4592723846435547;0.9855072498321533;0.5029529929161072
134;1.0;0.4523152709007263;0.9855072498321533;0.4926048517227173
135;0.9991922378540039;0.44667425751686096;0.9855072498321533;0.4816732406616211
136;1.0;0.4404241144657135;0.9855072498321533;0.47332286834716797
137;0.9983844757080078;0.43556496500968933;0.9855072498321533;0.47372475266456604
138;0.9991922378540039;0.4294072091579437;0.9855072498321533;0.4677625894546509
139;0.9983844757080078;0.42604777216911316;0.9855072498321533;0.46799832582473755
140;0.9991922378540039;0.4158708155155182;0.9855072498321533;0.45806679129600525
141;0.9991922378540039;0.40907129645347595;0.9855072498321533;0.4466390013694763
142;0.9991922378540039;0.40343573689460754;0.9855072498321533;0.43453142046928406
143;1.0;0.39669060707092285;0.9855072498321533;0.4330690801143646
144;1.0;0.39326369762420654;0.9855072498321533;0.43086737394332886
145;0.9991922378540039;0.3872816562652588;0.9855072498321533;0.43132880330085754
146;1.0;0.3794572651386261;0.9855072498321533;0.42009255290031433
147;0.9975767135620117;0.3773583173751831;0.9855072498321533;0.41395676136016846
148;1.0;0.36852550506591797;0.9855072498321533;0.4069097936153412
149;0.9991922378540039;0.3658934235572815;0.9855072498321533;0.3944379389286041
150;0.9991922378540039;0.3606366515159607;0.9855072498321533;0.38875219225883484
151;1.0;0.3538524806499481;0.9855072498321533;0.38737693428993225
152;1.0;0.35001346468925476;0.9855072498321533;0.3826771080493927
153;0.9991922378540039;0.3457320034503937;0.9855072498321533;0.3802260160446167
154;1.0;0.33872610330581665;0.9855072498321533;0.3841107189655304
155;1.0;0.3345874845981598;0.9855072498321533;0.38139668107032776
156;0.9991922378540039;0.331979364156723;0.97826087474823;0.37726032733917236
157;1.0;0.3253615200519562;0.9855072498321533;0.3604964017868042
158;1.0;0.3208867013454437;0.9855072498321533;0.36114776134490967
159;0.9991922378540039;0.3186293840408325;0.9855072498321533;0.3554981052875519
160;1.0;0.3111989498138428;0.9855072498321533;0.3455677926540375
161;1.0;0.3056618571281433;0.9855072498321533;0.3440185487270355
162;1.0;0.3012831509113312;0.9855072498321533;0.3411427438259125
163;1.0;0.29674628376960754;0.9855072498321533;0.33234211802482605
164;1.0;0.294127494096756;0.9855072498321533;0.32995349168777466
165;1.0;0.28964826464653015;0.9855072498321533;0.3283398449420929
166;1.0;0.2857475280761719;0.9855072498321533;0.32691699266433716
167;1.0;0.284857839345932;0.9855072498321533;0.32249853014945984
168;1.0;0.27755430340766907;0.9855072498321533;0.3199741840362549
169;1.0;0.27240970730781555;0.9855072498321533;0.3125379681587219
170;1.0;0.26957544684410095;0.9855072498321533;0.307351678609848
171;0.9991922378540039;0.26665082573890686;0.9855072498321533;0.30351024866104126
172;1.0;0.26202064752578735;0.9855072498321533;0.3029061555862427
173;1.0;0.25936540961265564;0.9855072498321533;0.2961074709892273
174;0.9991922378540039;0.25545579195022583;0.9855072498321533;0.29225319623947144
175;1.0;0.2514394223690033;0.9855072498321533;0.2849459946155548
176;1.0;0.24746523797512054;0.9855072498321533;0.28008905053138733
177;1.0;0.24284608662128448;0.9855072498321533;0.2734866738319397
178;1.0;0.24031956493854523;0.9855072498321533;0.2722730338573456
179;1.0;0.23751890659332275;0.9855072498321533;0.2746811807155609
180;1.0;0.23496949672698975;0.9855072498321533;0.26796603202819824
181;1.0;0.22996437549591064;0.9855072498321533;0.26189056038856506
182;1.0;0.2258048802614212;0.9855072498321533;0.26400119066238403
183;1.0;0.22341494262218475;0.9855072498321533;0.26029613614082336
184;1.0;0.22054052352905273;0.9855072498321533;0.2579197287559509
185;0.9975767135620117;0.22031648457050323;0.9855072498321533;0.25671616196632385
186;1.0;0.21356622874736786;0.9855072498321533;0.24782022833824158
187;1.0;0.21165840327739716;0.9855072498321533;0.2583460807800293
188;1.0;0.2088497281074524;0.9855072498321533;0.24850530922412872
189;1.0;0.20430684089660645;0.9855072498321533;0.24355952441692352
190;1.0;0.20279048383235931;0.9855072498321533;0.2431761473417282
191;1.0;0.19998322427272797;0.9855072498321533;0.23715488612651825
192;0.9991922378540039;0.20052391290664673;0.9855072498321533;0.23293443024158478
193;1.0;0.19473540782928467;0.9855072498321533;0.24147149920463562
194;1.0;0.1921994984149933;0.9855072498321533;0.23094342648983002
195;1.0;0.18895842134952545;0.9855072498321533;0.22631028294563293
196;1.0;0.18516167998313904;0.9855072498321533;0.2215099185705185
197;1.0;0.1829841583967209;0.9855072498321533;0.22031131386756897
198;0.9991922378540039;0.18021656572818756;0.9855072498321533;0.2111867219209671
199;1.0;0.1783122569322586;0.9855072498321533;0.21517840027809143
0;0.6082391142845154;3.1336233615875244;0.5289855003356934;3.0344579219818115
1;0.7124394178390503;2.9203946590423584;0.6811594367027283;2.9670355319976807
2;0.76978999376297;2.779299259185791;0.7318840622901917;2.8626255989074707
3;0.7980613708496094;2.726313352584839;0.7681159377098083;2.8198626041412354
4;0.8247172832489014;2.6517791748046875;0.7536231875419617;2.8175649642944336
5;0.8562197089195251;2.602566957473755;0.7681159377098083;2.7347426414489746
6;0.874798059463501;2.5537970066070557;0.7971014380455017;2.727557420730591
7;0.8852988481521606;2.5092315673828125;0.8333333134651184;2.6137845516204834
8;0.8844910860061646;2.494873046875;0.8115941882133484;2.6038942337036133
9;0.9063004851341248;2.4254567623138428;0.8695651888847351;2.483815908432007
10;0.9071082472801208;2.3965976238250732;0.8623188138008118;2.440413475036621
11;0.9176090359687805;2.360511302947998;0.8913043737411499;2.3920819759368896
12;0.928109884262085;2.322995185852051;0.9202898740768433;2.3460195064544678
13;0.9248788356781006;2.3007683753967285;0.9202898740768433;2.3160576820373535
14;0.9273021221160889;2.289316415786743;0.9347826242446899;2.278949737548828
15;0.9450727105140686;2.235776662826538;0.9347826242446899;2.2613112926483154
16;0.9571890234947205;2.212378978729248;0.9275362491607666;2.236133575439453
17;0.9402261972427368;2.1988332271575928;0.9275362491607666;2.2261040210723877
18;0.9636510610580444;2.148998498916626;0.9347826242446899;2.17284893989563
19;0.9604200124740601;2.1338112354278564;0.9420289993286133;2.131588935852051
20;0.9588045477867126;2.112509250640869;0.9637681245803833;2.1112987995147705
21;0.9717286229133606;2.0805418491363525;0.9637681245803833;2.0877525806427
22;0.9644588232040405;2.0840537548065186;0.9492753744125366;2.0856704711914062
23;0.973344087600708;2.0319716930389404;0.9420289993286133;2.0728836059570312
24;0.9676898121833801;2.0223805904388428;0.9492753744125366;2.0370590686798096
25;0.9741518497467041;1.9946815967559814;0.9492753744125366;2.0107498168945312
26;0.9822294116020203;1.9700373411178589;0.9492753744125366;1.9924174547195435
27;0.9717286229133606;1.9565130472183228;0.97826087474823;1.9473060369491577
28;0.9781906008720398;1.9243800640106201;0.9637681245803833;1.9385732412338257
29;0.9741518497467041;1.9155257940292358;0.9710144996643066;1.917946457862854
30;0.9709208607673645;1.8918185234069824;0.9855072498321533;1.8943665027618408
31;0.9757673740386963;1.8681443929672241;0.97826087474823;1.874999761581421
32;0.986268162727356;1.8325252532958984;0.97826087474823;1.855582594871521
33;0.986268162727356;1.8110493421554565;0.9710144996643066;1.8331619501113892
34;0.9806138873100281;1.8071337938308716;0.9637681245803833;1.8292484283447266
35;0.9919224381446838;1.7679778337478638;0.97826087474823;1.7949575185775757
36;0.9903069734573364;1.7488884925842285;0.95652174949646;1.7708818912506104
37;0.9903069734573364;1.7296645641326904;0.9710144996643066;1.7535659074783325
38;0.9878836870193481;1.709945797920227;0.9855072498321533;1.7442333698272705
39;0.9830371737480164;1.7004443407058716;0.97826087474823;1.7086853981018066
40;0.9822294116020203;1.6823170185089111;0.9637681245803833;1.7008857727050781
41;0.986268162727356;1.651194453239441;0.97826087474823;1.6781806945800781
42;0.9903069734573364;1.628910779953003;0.9637681245803833;1.662956714630127
43;0.9927302002906799;1.6098288297653198;0.97826087474823;1.629956603050232
44;0.9927302002906799;1.5908188819885254;0.9637681245803833;1.6205966472625732
45;0.9911146759986877;1.572840690612793;0.9855072498321533;1.5879911184310913
46;0.9943457245826721;1.5482192039489746;0.9855072498321533;1.5609889030456543
47;0.9959612488746643;1.5304254293441772;0.9927536249160767;1.546978235244751
48;0.9919224381446838;1.5136957168579102;0.97826087474823;1.5390403270721436
49;0.9927302002906799;1.4943981170654297;0.9855072498321533;1.5056421756744385
50;0.9927302002906799;1.4722694158554077;0.9710144996643066;1.516796588897705
51;0.9967690110206604;1.4508136510849;0.9927536249160767;1.472556233406067
52;0.9943457245826721;1.441666603088379;0.9855072498321533;1.443691372871399
53;0.9919224381446838;1.4190670251846313;0.97826087474823;1.4373701810836792
54;0.9911146759986877;1.4072531461715698;0.97826087474823;1.431897759437561
55;0.9943457245826721;1.382738471031189;0.97826087474823;1.4064903259277344
56;0.9927302002906799;1.3684718608856201;0.9855072498321533;1.3804758787155151
57;0.9983844757080078;1.3442132472991943;0.9855072498321533;1.3632386922836304
58;0.9951534867286682;1.326995849609375;0.9855072498321533;1.3528923988342285
59;0.9983844757080078;1.3078558444976807;0.97826087474823;1.32663893699646
60;0.9967690110206604;1.2908565998077393;0.9855072498321533;1.3061095476150513
61;0.9975767135620117;1.2716857194900513;0.97826087474823;1.3021804094314575
62;0.9967690110206604;1.2621145248413086;0.9855072498321533;1.2676446437835693
63;0.9975767135620117;1.2387913465499878;0.9927536249160767;1.25149405002594
64;0.9983844757080078;1.2194490432739258;0.9855072498321533;1.236968755722046
65;0.9959612488746643;1.208815097808838;0.9927536249160767;1.216626763343811
66;0.9991922378540039;1.185575246810913;1.0;1.1971184015274048
67;0.9991922378540039;1.1696127653121948;0.9855072498321533;1.1902397871017456
68;0.9991922378540039;1.1551419496536255;1.0;1.1716431379318237
69;0.9983844757080078;1.1378252506256104;0.9927536249160767;1.1523323059082031
70;0.9967690110206604;1.1268690824508667;0.9855072498321533;1.140176773071289
71;0.9967690110206604;1.1088112592697144;0.9927536249160767;1.1173927783966064
72;0.9951534867286682;1.1015291213989258;0.9927536249160767;1.107593059539795
73;0.9959612488746643;1.0830117464065552;0.9927536249160767;1.0930414199829102
74;1.0;1.0623165369033813;0.9855072498321533;1.0783770084381104
75;0.9967690110206604;1.0496737957000732;0.9927536249160767;1.0760082006454468
76;0.9983844757080078;1.0343409776687622;0.9927536249160767;1.047800898551941
77;0.9959612488746643;1.0228034257888794;1.0;1.0287952423095703
78;0.9975767135620117;1.0082002878189087;1.0;1.0189813375473022
79;0.9983844757080078;0.9911871552467346;0.9855072498321533;1.0113426446914673
80;0.9951534867286682;0.9815435409545898;0.9927536249160767;0.9918906092643738
81;0.9991922378540039;0.9602246284484863;0.9927536249160767;0.9815672636032104
82;0.9967690110206604;0.953587532043457;1.0;0.9627172350883484
83;0.9983844757080078;0.9351339340209961;0.9855072498321533;0.951684832572937
84;0.9967690110206604;0.9248196482658386;0.9927536249160767;0.9412190318107605
85;0.9983844757080078;0.9101802110671997;1.0;0.9226070642471313
86;0.9983844757080078;0.8974065780639648;0.9855072498321533;0.9130310416221619
87;0.9975767135620117;0.8900406956672668;1.0;0.9022480249404907
88;0.9959612488746643;0.876515805721283;1.0;0.8782224655151367
89;0.9983844757080078;0.859679102897644;1.0;0.8683651089668274
90;0.9991922378540039;0.8475049138069153;0.97826087474823;0.872836709022522
91;0.9959612488746643;0.842399537563324;0.9855072498321533;0.8561254143714905
92;0.9983844757080078;0.8254499435424805;0.9855072498321533;0.8398352265357971
93;1.0;0.8119727969169617;0.9927536249160767;0.8261918425559998
94;0.9967690110206604;0.8036909699440002;0.9855072498321533;0.8217860460281372
95;0.9975767135620117;0.7937701940536499;0.9855072498321533;0.8091618418693542
96;0.9967690110206604;0.7826911807060242;0.97826087474823;0.8224052786827087
97;0.9983844757080078;0.7716990113258362;1.0;0.7775958776473999
98;0.9983844757080078;0.7601003050804138;0.9927536249160767;0.7686696648597717
99;1.0;0.7456985712051392;0.9927536249160767;0.7606661915779114
100;0.9991922378540039;0.7361969351768494;0.9855072498321533;0.7520878911018372
101;1.0;0.7237944602966309;0.9855072498321533;0.7457693815231323
102;0.9991922378540039;0.7131090760231018;0.9927536249160767;0.7280762791633606
103;0.9983844757080078;0.7057774662971497;0.9927536249160767;0.7200421094894409
104;1.0;0.6943387389183044;0.9855072498321533;0.7145671248435974
105;0.9959612488746643;0.6894997358322144;1.0;0.6956144571304321
106;1.0;0.6746454238891602;1.0;0.6834236979484558
107;0.9991922378540039;0.6671807765960693;1.0;0.6733280420303345
108;0.9991922378540039;0.6550430655479431;1.0;0.665361762046814
109;0.9991922378540039;0.6482770442962646;0.9927536249160767;0.6599885821342468
110;0.9991922378540039;0.6385692954063416;0.9927536249160767;0.6527156233787537
111;0.9983844757080078;0.6299605369567871;0.9855072498321533;0.6487666368484497
112;1.0;0.6187018752098083;0.9927536249160767;0.6321249604225159
113;0.9975767135620117;0.6163030862808228;0.9927536249160767;0.6202632784843445
114;1.0;0.6011868119239807;0.9927536249160767;0.6116049289703369
115;1.0;0.5943107604980469;1.0;0.6050153970718384
116;1.0;0.5843662619590759;0.9927536249160767;0.5966094136238098
117;0.9991922378540039;0.5789648294448853;0.9855072498321533;0.6139896512031555
118;0.9991922378540039;0.5678190588951111;1.0;0.5726131200790405
119;0.9959612488746643;0.5687513947486877;1.0;0.5725616216659546
120;1.0;0.5501487851142883;0.9927536249160767;0.5678345561027527
121;1.0;0.5426538586616516;0.9927536249160767;0.5627707839012146
122;0.9991922378540039;0.5373749732971191;0.9927536249160767;0.5520076751708984
123;1.0;0.5292798280715942;0.9855072498321533;0.5507405400276184
124;1.0;0.5199186205863953;0.9927536249160767;0.5397331118583679
125;0.9983844757080078;0.5161932706832886;1.0;0.5271071791648865
126;0.9991922378540039;0.5093424916267395;1.0;0.517611026763916
127;1.0;0.49843236804008484;1.0;0.5111329555511475
128;1.0;0.4904809296131134;0.9927536249160767;0.5035998225212097
129;1.0;0.4841900169849396;0.9855072498321533;0.5148436427116394
130;0.9991922378540039;0.47740796208381653;1.0;0.4859454333782196
131;0.9983844757080078;0.47335362434387207;0.9855072498321533;0.4910358488559723
132;0.9991922378540039;0.4666197896003723;0.9927536249160767;0.47869303822517395
133;1.0;0.4564114212989807;0.9927536249160767;0.47045645117759705
134;1.0;0.4504253566265106;0.9927536249160767;0.46709901094436646
135;0.9991922378540039;0.44707971811294556;0.9927536249160767;0.45748111605644226
136;0.9983844757080078;0.4415101408958435;0.9855072498321533;0.46372267603874207
137;1.0;0.4358205497264862;1.0;0.44162726402282715
138;0.9991922378540039;0.42901068925857544;1.0;0.43667158484458923
139;1.0;0.41892367601394653;0.9927536249160767;0.439932644367218
140;0.9991922378540039;0.41730618476867676;0.9927536249160767;0.42656704783439636
141;1.0;0.4107847809791565;0.9855072498321533;0.4297042191028595
142;0.9983844757080078;0.40486955642700195;1.0;0.4084111154079437
143;0.9983844757080078;0.39854493737220764;1.0;0.40615445375442505
144;1.0;0.39013350009918213;1.0;0.4005833566188812
145;1.0;0.3839450180530548;0.9927536249160767;0.39740636944770813
146;1.0;0.3815366327762604;1.0;0.3906979560852051
147;1.0;0.375137597322464;1.0;0.38858550786972046
148;1.0;0.37113484740257263;0.9927536249160767;0.38167646527290344
149;1.0;0.36377620697021484;0.9927536249160767;0.38445428013801575
150;1.0;0.3577568531036377;1.0;0.37035712599754333
151;1.0;0.3544039726257324;0.9927536249160767;0.3671102523803711
152;0.9991922378540039;0.3501555323600769;1.0;0.35853642225265503
153;1.0;0.34447064995765686;0.9855072498321533;0.3670386075973511
154;0.9991922378540039;0.34056326746940613;1.0;0.3510158360004425
155;1.0;0.33396604657173157;1.0;0.34341785311698914
156;1.0;0.32868126034736633;1.0;0.336178719997406
157;0.9991922378540039;0.3257018029689789;1.0;0.3360048830509186
158;0.9991922378540039;0.3219415545463562;1.0;0.3294311463832855
159;1.0;0.3160432279109955;1.0;0.3232000172138214
160;1.0;0.3116448223590851;1.0;0.31863710284233093
161;1.0;0.3050310015678406;0.9927536249160767;0.31690970063209534
162;1.0;0.30222806334495544;1.0;0.31068938970565796
163;0.9991922378540039;0.29934051632881165;1.0;0.30731087923049927
164;0.9983844757080078;0.29626578092575073;1.0;0.30962300300598145
165;1.0;0.2902674973011017;1.0;0.29707175493240356
166;1.0;0.28704139590263367;0.9927536249160767;0.29972490668296814
167;0.9991922378540039;0.28237318992614746;1.0;0.29405394196510315
168;0.9983844757080078;0.2810251712799072;1.0;0.2874393165111542
169;1.0;0.27287551760673523;1.0;0.2810992896556854
170;1.0;0.26899200677871704;0.9927536249160767;0.2826119661331177
171;0.9991922378540039;0.2672254145145416;1.0;0.26983118057250977
172;1.0;0.2615705728530884;1.0;0.2674621045589447
173;0.9991922378540039;0.2583591639995575;0.9927536249160767;0.26560157537460327
174;1.0;0.25359004735946655;1.0;0.26785001158714294
175;1.0;0.2521935701370239;1.0;0.2562948763370514
176;1.0;0.24717751145362854;1.0;0.2578602731227875
177;1.0;0.24369944632053375;0.9927536249160767;0.26137304306030273
178;1.0;0.24061433970928192;0.9855072498321533;0.26001566648483276
179;1.0;0.23703934252262115;0.9927536249160767;0.25038087368011475
180;1.0;0.23471416532993317;1.0;0.24565403163433075
181;0.9991922378540039;0.2319362312555313;1.0;0.2414415329694748
182;0.9991922378540039;0.22903069853782654;0.9855072498321533;0.27049553394317627
183;1.0;0.2239757478237152;0.9927536249160767;0.2386961430311203
184;1.0;0.22048935294151306;0.9927536249160767;0.24012795090675354
185;1.0;0.22025203704833984;0.9927536249160767;0.2288723587989807
186;1.0;0.21748848259449005;0.9927536249160767;0.23318462073802948
187;1.0;0.21154893934726715;0.9927536249160767;0.22989173233509064
188;1.0;0.20972196757793427;1.0;0.2209841012954712
189;0.9991922378540039;0.20727941393852234;1.0;0.22101588547229767
190;1.0;0.20273743569850922;1.0;0.21912480890750885
191;0.9983844757080078;0.20204195380210876;1.0;0.21873688697814941
192;1.0;0.19751769304275513;0.9927536249160767;0.21447470784187317
193;1.0;0.19387175142765045;0.9927536249160767;0.21496886014938354
194;1.0;0.19112728536128998;0.9855072498321533;0.21794460713863373
195;1.0;0.18858395516872406;1.0;0.20237058401107788
196;0.9991922378540039;0.18705353140830994;0.9855072498321533;0.21060743927955627
197;1.0;0.18351763486862183;0.9927536249160767;0.19635099172592163
198;1.0;0.18078315258026123;0.9927536249160767;0.19727225601673126
199;0.9991922378540039;0.1816118359565735;0.9855072498321533;0.1933663934469223
0;0.5411954522132874;3.3182382583618164;0.4855072498321533;3.2121741771698
1;0.6760904788970947;3.0175042152404785;0.6666666865348816;2.9320647716522217
2;0.7213247418403625;2.8768231868743896;0.717391312122345;2.8320815563201904
3;0.7956381440162659;2.760251045227051;0.7681159377098083;2.7801642417907715
4;0.8150242567062378;2.6931662559509277;0.8260869383811951;2.727210521697998
5;0.8659127354621887;2.601168394088745;0.8550724387168884;2.683797597885132
6;0.8739902973175049;2.5599801540374756;0.8768116235733032;2.6077585220336914
7;0.8828756213188171;2.5334982872009277;0.9057971239089966;2.542039155960083
8;0.901453971862793;2.4772281646728516;0.9057971239089966;2.513397455215454
9;0.9079160094261169;2.435706615447998;0.9275362491607666;2.4593546390533447
10;0.9200323224067688;2.4066851139068604;0.9202898740768433;2.4139745235443115
11;0.9305331110954285;2.3619003295898438;0.9202898740768433;2.3808014392852783
12;0.9305331110954285;2.349428415298462;0.9130434989929199;2.354113817214966
13;0.9410338997840881;2.3069891929626465;0.9347826242446899;2.330763816833496
14;0.9386106729507446;2.2915284633636475;0.9420289993286133;2.2899856567382812
15;0.9547657370567322;2.23771333694458;0.9275362491607666;2.2764949798583984
16;0.9515347480773926;2.2162139415740967;0.9420289993286133;2.2421047687530518
17;0.9539579749107361;2.1912686824798584;0.9420289993286133;2.2114944458007812
18;0.9660742878913879;2.1643013954162598;0.9492753744125366;2.1965103149414062
19;0.9709208607673645;2.1317784786224365;0.9420289993286133;2.1634702682495117
20;0.9709208607673645;2.1158244609832764;0.9492753744125366;2.1604373455047607
21;0.9709208607673645;2.092012882232666;0.9492753744125366;2.1161880493164062
22;0.9781906008720398;2.059720993041992;0.9492753744125366;2.095369815826416
23;0.9757673740386963;2.036062240600586;0.9710144996643066;2.0722103118896484
24;0.9830371737480164;2.005110502243042;0.9420289993286133;2.0631723403930664
25;0.979806125164032;1.9949288368225098;0.9710144996643066;2.030956268310547
26;0.986268162727356;1.9606297016143799;0.9710144996643066;2.0080933570861816
27;0.9830371737480164;1.940163493156433;0.9710144996643066;1.9853765964508057
28;0.9830371737480164;1.9172992706298828;0.9710144996643066;1.9661732912063599
29;0.9894992113113403;1.8940778970718384;0.95652174949646;1.9359312057495117
30;0.9781906008720398;1.8837878704071045;0.9710144996643066;1.9070082902908325
31;0.9854604005813599;1.8472638130187988;0.9710144996643066;1.8870813846588135
32;0.9830371737480164;1.835016131401062;0.9710144996643066;1.867541790008545
33;0.986268162727356;1.816894292831421;0.97826087474823;1.8401849269866943
34;0.9919224381446838;1.7824310064315796;0.9710144996643066;1.8114434480667114
35;0.9911146759986877;1.7681025266647339;0.9637681245803833;1.8116148710250854
36;0.9927302002906799;1.7372498512268066;0.9710144996643066;1.7824229001998901
37;0.9943457245826721;1.7132402658462524;0.97826087474823;1.7697439193725586
38;0.986268162727356;1.7089979648590088;0.97826087474823;1.7424229383468628
39;0.9959612488746643;1.6704062223434448;0.9710144996643066;1.7148964405059814
40;0.9919224381446838;1.6568248271942139;0.9710144996643066;1.6828616857528687
41;0.9911146759986877;1.6381269693374634;0.97826087474823;1.6665394306182861
42;0.9927302002906799;1.6142972707748413;0.97826087474823;1.6574240922927856
43;0.9943457245826721;1.592060923576355;0.97826087474823;1.6295543909072876
44;0.9951534867286682;1.5690891742706299;0.97826087474823;1.6083871126174927
45;0.9903069734573364;1.5559850931167603;0.97826087474823;1.591931700706482
46;0.9967690110206604;1.52739417552948;0.9855072498321533;1.5534312725067139
47;0.9959612488746643;1.511576533317566;0.97826087474823;1.5392717123031616
48;0.9951534867286682;1.4878206253051758;0.97826087474823;1.5464093685150146
49;0.9959612488746643;1.468485713005066;0.9710144996643066;1.5089175701141357
50;0.9943457245826721;1.4488461017608643;0.97826087474823;1.4749950170516968
51;0.9943457245826721;1.435838222503662;0.97826087474823;1.4540787935256958
52;0.993537962436676;1.4156588315963745;0.97826087474823;1.4585354328155518
53;0.9967690110206604;1.3895472288131714;0.9710144996643066;1.4370396137237549
54;0.9983844757080078;1.3675665855407715;0.9855072498321533;1.4048441648483276
55;0.9951534867286682;1.3571515083312988;0.9855072498321533;1.3770668506622314
56;0.9959612488746643;1.3346694707870483;0.97826087474823;1.3714910745620728
57;0.9975767135620117;1.316569209098816;0.9710144996643066;1.3493908643722534
58;0.9967690110206604;1.2995511293411255;0.97826087474823;1.3413877487182617
59;0.9991922378540039;1.2776696681976318;0.9855072498321533;1.3181939125061035
60;0.9943457245826721;1.2711118459701538;0.97826087474823;1.3009421825408936
61;0.9975767135620117;1.243141770362854;0.97826087474823;1.2855676412582397
62;0.9991922378540039;1.2269991636276245;0.97826087474823;1.2533549070358276
63;1.0;1.2071133852005005;0.97826087474823;1.2319201231002808
64;0.9951534867286682;1.1944600343704224;0.9855072498321533;1.2216452360153198
65;1.0;1.1755337715148926;0.9855072498321533;1.1989765167236328
66;0.9959612488746643;1.1622540950775146;0.9855072498321533;1.1831328868865967
67;1.0;1.143898367881775;0.9855072498321533;1.1689085960388184
68;0.9967690110206604;1.131397008895874;0.97826087474823;1.1656211614608765
69;0.9975767135620117;1.1115714311599731;0.9855072498321533;1.137797474861145
70;0.9983844757080078;1.0965687036514282;0.97826087474823;1.1192903518676758
71;0.9967690110206604;1.081276535987854;0.97826087474823;1.1005522012710571
72;0.9983844757080078;1.0639457702636719;0.9855072498321533;1.0836496353149414
73;1.0;1.0466222763061523;0.9855072498321533;1.067944049835205
74;0.9959612488746643;1.0387974977493286;0.97826087474823;1.0631451606750488
75;0.9991922378540039;1.0182851552963257;0.9855072498321533;1.0432400703430176
76;0.9983844757080078;1.0040491819381714;0.9927536249160767;1.0268068313598633
77;0.9983844757080078;0.9919528365135193;0.9927536249160767;1.0165659189224243
78;1.0;0.9735022783279419;0.97826087474823;1.0023113489151
79;0.9983844757080078;0.9637594223022461;0.97826087474823;0.994543194770813
80;0.9991922378540039;0.9465398192405701;0.9855072498321533;0.9690488576889038
81;0.9983844757080078;0.9330625534057617;0.97826087474823;0.9604016542434692
82;1.0;0.9187988638877869;0.97826087474823;0.9419499039649963
83;0.9991922378540039;0.9066263437271118;0.9855072498321533;0.9281670451164246
84;0.9983844757080078;0.8955923914909363;0.9855072498321533;0.9246288537979126
85;0.9975767135620117;0.8832547068595886;0.97826087474823;0.904276430606842
86;0.9991922378540039;0.8686873316764832;0.9855072498321533;0.890765368938446
87;0.9983844757080078;0.8596920967102051;1.0;0.8733482956886292
88;1.0;0.8432921767234802;0.9855072498321533;0.8689250946044922
89;0.9991922378540039;0.8310576677322388;0.9927536249160767;0.8550392985343933
90;0.9983844757080078;0.8228181600570679;0.9855072498321533;0.8351112008094788
91;1.0;0.8098770380020142;0.9855072498321533;0.8382225036621094
92;0.9991922378540039;0.8002939224243164;1.0;0.8065807223320007
93;0.9983844757080078;0.7869452834129333;0.9855072498321533;0.8070791959762573
94;1.0;0.7742558717727661;0.9927536249160767;0.7904651165008545
95;0.9991922378540039;0.7642558813095093;0.9855072498321533;0.8029319643974304
96;0.9991922378540039;0.7536392211914062;0.9927536249160767;0.7716442942619324
97;0.9991922378540039;0.7428935766220093;0.9927536249160767;0.7695372104644775
98;1.0;0.7291436195373535;0.9855072498321533;0.7573739290237427
99;1.0;0.7192928194999695;0.9855072498321533;0.7448179721832275
100;0.9991922378540039;0.7104583382606506;0.9855072498321533;0.7416701912879944
101;0.9991922378540039;0.6990178227424622;0.9927536249160767;0.7261398434638977
102;1.0;0.6875386834144592;0.9855072498321533;0.7148515582084656
103;1.0;0.6796494126319885;0.9927536249160767;0.6954845190048218
104;0.9991922378540039;0.6696397066116333;0.9855072498321533;0.6953564286231995
105;1.0;0.6601734161376953;0.97826087474823;0.6842635273933411
106;1.0;0.6500512957572937;0.9927536249160767;0.6610751152038574
107;1.0;0.6403595209121704;0.9927536249160767;0.6548508405685425
108;1.0;0.6301752924919128;0.9927536249160767;0.6504572629928589
109;0.9991922378540039;0.6217412948608398;0.9927536249160767;0.6384502053260803
110;1.0;0.6136997938156128;0.9855072498321533;0.6315328478813171
111;1.0;0.606055498123169;0.9855072498321533;0.6154507398605347
112;0.9983844757080078;0.5971869230270386;0.9927536249160767;0.6097253561019897
113;0.9983844757080078;0.5900258421897888;1.0;0.600301206111908
114;1.0;0.5806323885917664;0.9855072498321533;0.6133593916893005
115;1.0;0.5725418329238892;0.9927536249160767;0.5843669772148132
116;0.9991922378540039;0.5651801228523254;0.9927536249160767;0.5785888433456421
117;1.0;0.5536657571792603;0.9855072498321533;0.5838147401809692
118;1.0;0.5481145977973938;0.9855072498321533;0.5696176290512085
119;1.0;0.5387747287750244;0.9927536249160767;0.5519739389419556
120;1.0;0.5306621789932251;0.9855072498321533;0.5508700013160706
121;1.0;0.5214868783950806;0.9855072498321533;0.5379869937896729
122;1.0;0.5150185227394104;0.9927536249160767;0.5329350829124451
123;1.0;0.5075008869171143;0.9855072498321533;0.5334807634353638
124;1.0;0.500688374042511;0.9927536249160767;0.5160536766052246
125;1.0;0.49285027384757996;0.9927536249160767;0.5097293853759766
126;0.9991922378540039;0.4868750274181366;0.9855072498321533;0.5128489136695862
127;0.9991922378540039;0.4783383309841156;0.9927536249160767;0.49592992663383484
128;0.9983844757080078;0.47450780868530273;0.9855072498321533;0.5077307224273682
129;1.0;0.4651728868484497;0.9927536249160767;0.4803749918937683
130;1.0;0.4589310884475708;0.9927536249160767;0.4694248139858246
131;1.0;0.4533396065235138;0.9927536249160767;0.47261422872543335
132;1.0;0.44401419162750244;0.9855072498321533;0.4605025351047516
133;1.0;0.4375588595867157;0.9927536249160767;0.45459842681884766
134;1.0;0.4325442314147949;0.9855072498321533;0.4616285562515259
135;0.9991922378540039;0.4274643063545227;1.0;0.43447938561439514
136;1.0;0.4200230538845062;0.9855072498321533;0.4359819293022156
137;1.0;0.4155707359313965;1.0;0.4246664047241211
138;1.0;0.4082927405834198;1.0;0.41924160718917847
139;0.9991922378540039;0.40606632828712463;0.9855072498321533;0.41995692253112793
140;1.0;0.39788633584976196;0.9927536249160767;0.40786057710647583
141;1.0;0.38988739252090454;0.9855072498321533;0.41324183344841003
142;1.0;0.3831601142883301;1.0;0.3955792486667633
143;1.0;0.37922486662864685;0.9927536249160767;0.3889027535915375
144;0.9991922378540039;0.3746560513973236;0.9927536249160767;0.38783779740333557
145;0.9991922378540039;0.36891287565231323;1.0;0.37485408782958984
146;0.9991922378540039;0.3640366494655609;0.9927536249160767;0.37058019638061523
147;0.9983844757080078;0.3582320809364319;1.0;0.36735793948173523
148;1.0;0.3519253432750702;0.9927536249160767;0.3626866638660431
149;1.0;0.3483106791973114;0.9927536249160767;0.3610510230064392
150;1.0;0.342046856880188;0.9855072498321533;0.3561176359653473
151;1.0;0.3388003408908844;1.0;0.34403201937675476
152;1.0;0.3325057625770569;0.9927536249160767;0.34354573488235474
153;1.0;0.32724350690841675;0.9927536249160767;0.3369262218475342
154;0.9991922378540039;0.32389387488365173;1.0;0.33425137400627136
155;1.0;0.3185421824455261;1.0;0.32897788286209106
156;1.0;0.31386104226112366;1.0;0.3220415711402893
157;1.0;0.31042876839637756;0.9855072498321533;0.33156993985176086
158;1.0;0.3028806447982788;0.9927536249160767;0.31385084986686707
159;1.0;0.2992333471775055;0.9855072498321533;0.32229283452033997
160;1.0;0.2960720360279083;1.0;0.3011663258075714
161;0.9991922378540039;0.2921295464038849;0.9927536249160767;0.30858850479125977
162;1.0;0.28755852580070496;1.0;0.2949630618095398
163;0.9991922378540039;0.28447622060775757;1.0;0.28931567072868347
164;1.0;0.278205007314682;1.0;0.28798961639404297
165;0.9991922378540039;0.277307391166687;1.0;0.29000917077064514
166;1.0;0.2712426483631134;0.9927536249160767;0.2887516915798187
167;1.0;0.2666410207748413;1.0;0.2785615921020508
168;1.0;0.26325270533561707;0.9927536249160767;0.27531367540359497
169;1.0;0.2597062587738037;1.0;0.27078762650489807
170;1.0;0.2569170892238617;1.0;0.26428571343421936
171;1.0;0.2521253526210785;0.9855072498321533;0.2693205773830414
172;1.0;0.2481737732887268;1.0;0.2557373046875
173;1.0;0.2447308599948883;1.0;0.2538314759731293
174;0.9991922378540039;0.2410879284143448;0.9927536249160767;0.25702497363090515
175;1.0;0.23854109644889832;1.0;0.24372056126594543
176;1.0;0.23486973345279694;1.0;0.2446490228176117
177;0.9991922378540039;0.23137173056602478;1.0;0.24046994745731354
178;1.0;0.2284887135028839;1.0;0.23883070051670074
179;1.0;0.22640633583068848;0.9927536249160767;0.23826245963573456
180;1.0;0.22142797708511353;1.0;0.22911810874938965
181;1.0;0.2196970283985138;0.9927536249160767;0.2383517622947693
182;1.0;0.21663568913936615;1.0;0.2276877760887146
183;0.9991922378540039;0.21281805634498596;1.0;0.21821026504039764
184;0.9983844757080078;0.2145776003599167;1.0;0.2183973342180252
185;1.0;0.2062527984380722;1.0;0.21615655720233917
186;1.0;0.2047545313835144;0.9855072498321533;0.22768554091453552
187;1.0;0.20058885216712952;1.0;0.2080114334821701
188;0.9991922378540039;0.19919759035110474;1.0;0.2159223109483719
189;1.0;0.19581548869609833;1.0;0.20326673984527588
190;1.0;0.1920478492975235;1.0;0.20598211884498596
191;1.0;0.1899922788143158;1.0;0.19982267916202545
192;1.0;0.18683980405330658;1.0;0.19773836433887482
193;0.9983844757080078;0.1890714019536972;0.9927536249160767;0.1942707896232605
194;1.0;0.18390552699565887;1.0;0.19193865358829498
195;0.9991922378540039;0.1840566247701645;0.9927536249160767;0.20011486113071442
196;1.0;0.177580326795578;1.0;0.19668912887573242
197;1.0;0.17604953050613403;0.9927536249160767;0.18827784061431885
198;1.0;0.1726141721010208;1.0;0.18134908378124237
199;1.0;0.16960380971431732;0.9927536249160767;0.1896360069513321
0;0.5969305038452148;3.093045473098755;0.6376811861991882;2.953174114227295
1;0.7180936932563782;2.8581321239471436;0.6811594367027283;2.878432273864746
2;0.7819063067436218;2.743173599243164;0.695652186870575;2.8525919914245605
3;0.8392568826675415;2.63313889503479;0.6739130616188049;2.8128974437713623
4;0.841680109500885;2.5871570110321045;0.717391312122345;2.7436492443084717
5;0.8497576713562012;2.55682110786438;0.739130437374115;2.710984468460083
6;0.8780291080474854;2.501384735107422;0.8333333134651184;2.6199522018432617
7;0.8893376588821411;2.4573185443878174;0.8623188138008118;2.5440735816955566
8;0.9159935116767883;2.393836259841919;0.8913043737411499;2.482081651687622
9;0.9046849608421326;2.3707823753356934;0.8985507488250732;2.435347080230713
10;0.915185809135437;2.3497314453125;0.9130434989929199;2.3814096450805664
11;0.9289175868034363;2.306203842163086;0.9202898740768433;2.334566831588745
12;0.9240710735321045;2.283090353012085;0.9420289993286133;2.272878646850586
13;0.9329563975334167;2.248196840286255;0.9347826242446899;2.2541613578796387
14;0.9474959373474121;2.210667133331299;0.9637681245803833;2.1888153553009033
15;0.95315021276474;2.175126552581787;0.9492753744125366;2.1829833984375
16;0.9507269859313965;2.1589763164520264;0.9492753744125366;2.149921417236328
17;0.9579967856407166;2.1226608753204346;0.9637681245803833;2.1193161010742188
18;0.9604200124740601;2.0984628200531006;0.97826087474823;2.081637144088745
19;0.9628432989120483;2.0751020908355713;0.97826087474823;2.0627620220184326
20;0.9628432989120483;2.0527141094207764;0.97826087474823;2.0364010334014893
21;0.9781906008720398;2.0093345642089844;0.9710144996643066;2.0281639099121094
22;0.9684975743293762;2.0116429328918457;0.9710144996643066;1.9893274307250977
23;0.9806138873100281;1.9715678691864014;0.9710144996643066;1.9782140254974365
24;0.9822294116020203;1.9456578493118286;0.9710144996643066;1.9488662481307983
25;0.9886914491653442;1.9123514890670776;0.9710144996643066;1.916929841041565
26;0.979806125164032;1.8951609134674072;0.9637681245803833;1.9054619073867798
27;0.9717286229133606;1.889412760734558;0.9710144996643066;1.8753591775894165
28;0.9838449358940125;1.8567131757736206;0.9855072498321533;1.844700574874878
29;0.9814216494560242;1.8414149284362793;0.97826087474823;1.8382630348205566
30;0.9894992113113403;1.808897852897644;0.9855072498321533;1.8144444227218628
31;0.9903069734573364;1.7863630056381226;0.9855072498321533;1.8012726306915283
32;0.9927302002906799;1.7601923942565918;0.9710144996643066;1.779023289680481
33;0.9894992113113403;1.7452778816223145;0.9855072498321533;1.7406957149505615
34;0.9903069734573364;1.7252368927001953;0.9855072498321533;1.7252484560012817
35;0.9886914491653442;1.7059910297393799;0.9855072498321533;1.7012637853622437
36;0.993537962436676;1.6755934953689575;0.9927536249160767;1.6782253980636597
37;0.987075924873352;1.6652837991714478;0.9855072498321533;1.6570665836334229
38;0.9943457245826721;1.641257405281067;0.9855072498321533;1.643056869506836
39;0.987075924873352;1.6279634237289429;0.9855072498321533;1.627747654914856
40;0.993537962436676;1.5951851606369019;0.9855072498321533;1.6002445220947266
41;0.9894992113113403;1.5818986892700195;0.9927536249160767;1.5805304050445557
42;0.9894992113113403;1.5634510517120361;0.9855072498321533;1.5593042373657227
43;0.9951534867286682;1.5355290174484253;0.97826087474823;1.5446091890335083
44;0.9951534867286682;1.5181729793548584;0.97826087474823;1.5212887525558472
45;0.9975767135620117;1.4947818517684937;0.9855072498321533;1.51298987865448
46;0.9975767135620117;1.4735524654388428;0.9855072498321533;1.4802496433258057
47;0.9959612488746643;1.4559369087219238;0.9927536249160767;1.4664359092712402
48;0.9983844757080078;1.4358148574829102;0.9855072498321533;1.448354959487915
49;0.9991922378540039;1.4138050079345703;0.9855072498321533;1.4235540628433228
50;0.9959612488746643;1.401172399520874;0.9927536249160767;1.4042736291885376
51;0.9959612488746643;1.3815836906433105;0.9927536249160767;1.3816893100738525
52;0.9959612488746643;1.360761046409607;0.9927536249160767;1.3675349950790405
53;0.9991922378540039;1.3400229215621948;0.9927536249160767;1.3497679233551025
54;0.9943457245826721;1.3282760381698608;0.9927536249160767;1.3298097848892212
55;0.9983844757080078;1.3044544458389282;0.9927536249160767;1.3201814889907837
56;0.9959612488746643;1.2891565561294556;0.9855072498321533;1.2955408096313477
57;0.9983844757080078;1.2688660621643066;0.9855072498321533;1.2789838314056396
58;0.9975767135620117;1.2578235864639282;0.9855072498321533;1.2608822584152222
59;0.9959612488746643;1.2412806749343872;0.9927536249160767;1.2445118427276611
60;1.0;1.214094638824463;0.9927536249160767;1.229548692703247
61;0.9951534867286682;1.209579586982727;0.9855072498321533;1.217427134513855
62;0.9983844757080078;1.1841564178466797;0.9855072498321533;1.1946662664413452
63;1.0;1.167026162147522;0.9927536249160767;1.1789757013320923
64;0.9983844757080078;1.1537522077560425;0.9927536249160767;1.1672369241714478
65;1.0;1.1325980424880981;0.9927536249160767;1.1467336416244507
66;0.9951534867286682;1.1242939233779907;0.9927536249160767;1.1316823959350586
67;0.9983844757080078;1.1001111268997192;0.9927536249160767;1.1193429231643677
68;0.9975767135620117;1.0869367122650146;0.9927536249160767;1.1051626205444336
69;0.9975767135620117;1.073158860206604;0.9927536249160767;1.089054822921753
70;0.9983844757080078;1.0574449300765991;0.9855072498321533;1.0703459978103638
71;0.9991922378540039;1.0416769981384277;0.9927536249160767;1.051946997642517
72;0.9967690110206604;1.03211510181427;0.9927536249160767;1.0386619567871094
73;0.993537962436676;1.026333212852478;0.9927536249160767;1.0304863452911377
74;0.9991922378540039;0.9972243309020996;0.9855072498321533;1.0177375078201294
75;0.9975767135620117;0.9907863736152649;0.9927536249160767;1.0050227642059326
76;0.9983844757080078;0.9708863496780396;0.9927536249160767;0.9826030135154724
77;0.9967690110206604;0.9642157554626465;0.9927536249160767;0.9729929566383362
78;1.0;0.943882942199707;0.9927536249160767;0.9567279815673828
79;1.0;0.9309366941452026;0.9855072498321533;0.95103919506073
80;0.9991922378540039;0.9191956520080566;0.9927536249160767;0.9377319812774658
81;0.9975767135620117;0.9075999855995178;0.9855072498321533;0.9215236902236938
82;0.9975767135620117;0.89479660987854;0.9927536249160767;0.9004136323928833
83;0.9991922378540039;0.8800686597824097;0.9927536249160767;0.8915238380432129
84;0.9983844757080078;0.8681978583335876;0.9927536249160767;0.8781643509864807
85;0.9991922378540039;0.8573176264762878;0.9855072498321533;0.8688899874687195
86;0.9991922378540039;0.8431015014648438;0.9927536249160767;0.8617951273918152
87;1.0;0.8330721259117126;0.9927536249160767;0.8439176678657532
88;1.0;0.8216582536697388;0.9927536249160767;0.838162362575531
89;0.9991922378540039;0.811279833316803;0.9927536249160767;0.823588490486145
90;0.9983844757080078;0.7998582720756531;0.9927536249160767;0.8109987378120422
91;0.9991922378540039;0.7878581881523132;0.9855072498321533;0.8034077286720276
92;0.9991922378540039;0.7768280506134033;0.9927536249160767;0.7885450124740601
93;0.9991922378540039;0.763589084148407;0.9927536249160767;0.7776572704315186
94;0.9983844757080078;0.7548686861991882;0.9927536249160767;0.7632057070732117
95;1.0;0.7407324910163879;0.9927536249160767;0.7563166618347168
96;1.0;0.7330610752105713;0.9855072498321533;0.7546247243881226
97;0.9975767135620117;0.7229421734809875;0.9927536249160767;0.7406349778175354
98;1.0;0.7104877829551697;0.9927536249160767;0.719872772693634
99;0.9991922378540039;0.6996267437934875;0.9927536249160767;0.7119358777999878
100;0.9983844757080078;0.6926194429397583;1.0;0.7044516801834106
101;1.0;0.6793655157089233;0.9855072498321533;0.7053053379058838
102;0.9959612488746643;0.6754394769668579;0.9855072498321533;0.6845781803131104
103;0.9975767135620117;0.6624058485031128;0.9855072498321533;0.6859146356582642
104;1.0;0.6509586572647095;0.9927536249160767;0.6672309041023254
105;1.0;0.6432753801345825;0.9927536249160767;0.655023992061615
106;0.9991922378540039;0.6326808929443359;0.9927536249160767;0.6439409255981445
107;1.0;0.6224523186683655;0.9927536249160767;0.6350969076156616
108;0.9991922378540039;0.6178022027015686;0.9927536249160767;0.6339513659477234
109;0.9991922378540039;0.6079721450805664;0.9927536249160767;0.625252366065979
110;0.9991922378540039;0.5980522036552429;0.9927536249160767;0.6097110509872437
111;1.0;0.5872319936752319;0.9927536249160767;0.6022307872772217
112;0.9983844757080078;0.5791013240814209;0.9927536249160767;0.5934700965881348
113;0.9991922378540039;0.5751723647117615;0.9927536249160767;0.5832650065422058
114;1.0;0.563451886177063;0.9927536249160767;0.5736346244812012
115;1.0;0.5542598366737366;0.9927536249160767;0.565509557723999
116;1.0;0.5457904934883118;1.0;0.5578835606575012
117;0.9983844757080078;0.5405945181846619;0.9855072498321533;0.5579723715782166
118;1.0;0.530595064163208;1.0;0.5442918539047241
119;1.0;0.524091362953186;0.9927536249160767;0.5438668727874756
120;1.0;0.517735481262207;0.9855072498321533;0.5328001976013184
121;0.9991922378540039;0.5082166194915771;0.9927536249160767;0.5282496213912964
122;0.9991922378540039;0.5013609528541565;0.9855072498321533;0.5222102999687195
123;0.9991922378540039;0.49412643909454346;0.9927536249160767;0.5114333629608154
124;0.9991922378540039;0.4879685938358307;0.9855072498321533;0.5072908997535706
125;1.0;0.4820743501186371;0.9855072498321533;0.4963361322879791
126;1.0;0.4734678864479065;0.9927536249160767;0.5004283785820007
127;0.9991922378540039;0.4663563668727875;0.9855072498321533;0.5031604766845703
128;1.0;0.4577901363372803;0.9927536249160767;0.4810846745967865
129;0.9983844757080078;0.4558655619621277;0.9855072498321533;0.470705509185791
130;1.0;0.4456612169742584;0.97826087474823;0.46606627106666565
131;1.0;0.442474365234375;1.0;0.45393696427345276
132;1.0;0.43441787362098694;0.9927536249160767;0.455752432346344
133;0.9991922378540039;0.4285944402217865;0.9855072498321533;0.45446398854255676
134;1.0;0.42325177788734436;0.97826087474823;0.44308292865753174
135;0.9983844757080078;0.4190022051334381;0.9855072498321533;0.4376126825809479
136;0.9991922378540039;0.4128672480583191;0.9927536249160767;0.4229603707790375
137;0.9991922378540039;0.4024263024330139;0.9927536249160767;0.4189039170742035
138;0.9991922378540039;0.39877304434776306;0.9927536249160767;0.41695499420166016
139;1.0;0.3913221061229706;0.9927536249160767;0.4123293161392212
140;1.0;0.38445112109184265;0.9927536249160767;0.40728190541267395
141;0.9983844757080078;0.38237395882606506;0.97826087474823;0.4104233384132385
142;1.0;0.37492087483406067;0.9927536249160767;0.3873473107814789
143;0.9991922378540039;0.3700234889984131;0.97826087474823;0.40283069014549255
144;1.0;0.3635053038597107;0.9855072498321533;0.39107656478881836
145;1.0;0.35808807611465454;0.9927536249160767;0.37336719036102295
146;1.0;0.3544411361217499;0.9927536249160767;0.37313470244407654
147;1.0;0.3489336371421814;0.9927536249160767;0.36191263794898987
148;1.0;0.3439010977745056;1.0;0.357581228017807
149;1.0;0.3409483730792999;1.0;0.35192108154296875
150;0.9983844757080078;0.33487963676452637;0.9855072498321533;0.3626554310321808
151;0.9983844757080078;0.3309636116027832;0.9855072498321533;0.3440556526184082
152;1.0;0.3245152533054352;0.9927536249160767;0.3435898423194885
153;1.0;0.3205150067806244;1.0;0.3339643180370331
154;1.0;0.3141005039215088;0.9927536249160767;0.32928016781806946
155;1.0;0.3088107705116272;0.9927536249160767;0.3289768695831299
156;1.0;0.3053395748138428;0.9927536249160767;0.32075005769729614
157;1.0;0.30076491832733154;0.9927536249160767;0.3167223632335663
158;0.9991922378540039;0.29779747128486633;1.0;0.31663885712623596
159;1.0;0.293476939201355;1.0;0.30809906125068665
160;0.9991922378540039;0.2902882695198059;0.97826087474823;0.3144817650318146
161;1.0;0.28622758388519287;0.97826087474823;0.33077844977378845
162;1.0;0.2805531620979309;0.9927536249160767;0.2970116436481476
163;1.0;0.27676185965538025;0.9927536249160767;0.29734793305397034
164;1.0;0.2730195224285126;0.9927536249160767;0.28764429688453674
165;1.0;0.26891088485717773;0.9855072498321533;0.2950083315372467
166;1.0;0.2644329071044922;0.9927536249160767;0.2867395281791687
167;1.0;0.26006680727005005;1.0;0.27272388339042664
168;1.0;0.25706207752227783;0.9927536249160767;0.2810477614402771
169;1.0;0.254700243473053;0.9927536249160767;0.26738330721855164
170;1.0;0.2524142265319824;0.9927536249160767;0.2613978385925293
171;1.0;0.24706107378005981;0.9927536249160767;0.264879435300827
172;1.0;0.2440747618675232;0.9927536249160767;0.25773271918296814
173;1.0;0.2401726245880127;0.9855072498321533;0.25720176100730896
174;1.0;0.23614120483398438;0.9927536249160767;0.2532787024974823
175;1.0;0.2324979156255722;0.9927536249160767;0.2477121502161026
176;1.0;0.2297622561454773;0.9927536249160767;0.2529686391353607
177;1.0;0.22680023312568665;0.9927536249160767;0.2457590252161026
178;0.9983844757080078;0.22419750690460205;0.9927536249160767;0.23937073349952698
179;0.9991922378540039;0.22153402864933014;1.0;0.23408611118793488
180;0.9991922378540039;0.21946698427200317;0.9855072498321533;0.24270054697990417
181;1.0;0.21567118167877197;1.0;0.23635709285736084
182;1.0;0.21120639145374298;1.0;0.22089380025863647
183;1.0;0.20821379125118256;0.9927536249160767;0.21997030079364777
184;1.0;0.20569993555545807;1.0;0.21896992623806
185;1.0;0.20145130157470703;1.0;0.21271158754825592
186;1.0;0.19981801509857178;0.9927536249160767;0.21198810636997223
187;1.0;0.19558683037757874;1.0;0.2112627774477005
188;1.0;0.19448690116405487;1.0;0.2097187340259552
189;1.0;0.19309945404529572;0.9927536249160767;0.20959798991680145
190;1.0;0.1889955848455429;0.9855072498321533;0.21228018403053284
191;1.0;0.18531686067581177;0.9927536249160767;0.21672633290290833
192;1.0;0.1822344809770584;0.9927536249160767;0.19909505546092987
193;1.0;0.17903810739517212;0.9927536249160767;0.19526520371437073
194;1.0;0.17804989218711853;1.0;0.19715498387813568
195;1.0;0.1747189611196518;0.9927536249160767;0.18987880647182465
196;1.0;0.17313286662101746;1.0;0.1887131929397583
197;1.0;0.17008231580257416;0.9927536249160767;0.19141916930675507
198;0.9975767135620117;0.1712930053472519;1.0;0.18469515442848206
199;1.0;0.165638267993927;0.9855072498321533;0.19401884078979492
0;0.571890115737915;3.209559917449951;0.6666666865348816;2.927659511566162
1;0.6623586416244507;2.958991765975952;0.7536231875419617;2.8638243675231934
2;0.7730209827423096;2.7912919521331787;0.8115941882133484;2.8174033164978027
3;0.8231017589569092;2.6721770763397217;0.804347813129425;2.7868053913116455
4;0.8537964224815369;2.607473134994507;0.8333333134651184;2.7280023097991943
5;0.8844910860061646;2.541628837585449;0.8478260636329651;2.6530709266662598
6;0.8877221345901489;2.50327467918396;0.8478260636329651;2.6105055809020996
7;0.9111469984054565;2.437286853790283;0.8768116235733032;2.570735216140747
8;0.9273021221160889;2.390655517578125;0.8840579986572266;2.49757719039917
9;0.9305331110954285;2.3716773986816406;0.9347826242446899;2.3944015502929688
10;0.9442649483680725;2.3337552547454834;0.9275362491607666;2.3441059589385986
11;0.9474959373474121;2.3004698753356934;0.9275362491607666;2.3134872913360596
12;0.9442649483680725;2.2836594581604004;0.9420289993286133;2.2557084560394287
13;0.9515347480773926;2.250696897506714;0.9492753744125366;2.2237894535064697
14;0.9628432989120483;2.213289976119995;0.9420289993286133;2.195638418197632
15;0.9701130986213684;2.17655086517334;0.9420289993286133;2.1797070503234863
16;0.973344087600708;2.1578428745269775;0.9420289993286133;2.1544649600982666
17;0.9773828983306885;2.127798080444336;0.9710144996643066;2.1038875579833984
18;0.9806138873100281;2.098595380783081;0.95652174949646;2.09383487701416
19;0.9781906008720398;2.078402519226074;0.97826087474823;2.062060594558716
20;0.986268162727356;2.0410971641540527;0.9927536249160767;2.0252432823181152
21;0.9741518497467041;2.0401089191436768;0.9855072498321533;2.004539728164673
22;0.9919224381446838;1.986783504486084;0.97826087474823;1.9815691709518433
23;0.9773828983306885;1.9836753606796265;0.9855072498321533;1.9531046152114868
24;0.9886914491653442;1.950561285018921;0.9927536249160767;1.9384372234344482
25;0.993537962436676;1.9182637929916382;0.97826087474823;1.9145859479904175
26;0.9894992113113403;1.896606206893921;0.9927536249160767;1.8902627229690552
27;0.987075924873352;1.8836863040924072;0.97826087474823;1.875059723854065
28;0.9911146759986877;1.8534321784973145;0.9855072498321533;1.8553179502487183
29;0.993537962436676;1.8250038623809814;0.9855072498321533;1.8233883380889893
30;0.9967690110206604;1.8053065538406372;0.97826087474823;1.817897081375122
31;0.9919224381446838;1.7813700437545776;0.9855072498321533;1.78345787525177
32;0.9943457245826721;1.7573251724243164;0.9855072498321533;1.759446382522583
33;0.9943457245826721;1.7347137928009033;0.97826087474823;1.7347594499588013
34;0.993537962436676;1.7165184020996094;0.97826087474823;1.710465669631958
35;0.9951534867286682;1.68815016746521;0.9855072498321533;1.6881351470947266
36;0.9919224381446838;1.6704140901565552;0.9927536249160767;1.6738353967666626
37;0.9951534867286682;1.6467413902282715;0.9855072498321533;1.6468578577041626
38;0.9943457245826721;1.626175045967102;0.9855072498321533;1.6301376819610596
39;0.9975767135620117;1.599701166152954;0.9855072498321533;1.6079864501953125
40;0.9951534867286682;1.5810081958770752;0.9855072498321533;1.5814927816390991
41;0.9967690110206604;1.5577880144119263;0.9855072498321533;1.5623579025268555
42;0.9943457245826721;1.5415667295455933;0.9855072498321533;1.5508769750595093
43;0.9951534867286682;1.5152901411056519;0.9855072498321533;1.534536361694336
44;0.9959612488746643;1.4967825412750244;0.97826087474823;1.5029070377349854
45;0.9967690110206604;1.4752883911132812;0.9855072498321533;1.4864052534103394
46;0.9991922378540039;1.4476584196090698;0.97826087474823;1.463923692703247
47;0.9959612488746643;1.4371633529663086;0.9855072498321533;1.4476017951965332
48;0.9983844757080078;1.4119471311569214;0.9855072498321533;1.417280673980713
49;0.9967690110206604;1.3943575620651245;0.97826087474823;1.4016472101211548
50;0.9991922378540039;1.370399832725525;0.9855072498321533;1.3809267282485962
51;0.9983844757080078;1.3523768186569214;0.9855072498321533;1.363080620765686
52;0.9967690110206604;1.3379946947097778;0.9927536249160767;1.3364174365997314
53;0.9983844757080078;1.3164558410644531;0.9927536249160767;1.3202992677688599
54;0.9959612488746643;1.297637701034546;0.9855072498321533;1.3214064836502075
55;0.9983844757080078;1.2761881351470947;0.9927536249160767;1.2803922891616821
56;0.9991922378540039;1.2595793008804321;0.9927536249160767;1.2649518251419067
57;0.9975767135620117;1.2433297634124756;0.9927536249160767;1.25495183467865
58;0.9983844757080078;1.2236438989639282;0.9855072498321533;1.2325847148895264
59;0.9975767135620117;1.210349202156067;0.9927536249160767;1.2188621759414673
60;0.9991922378540039;1.1911208629608154;0.9927536249160767;1.1986411809921265
61;0.9991922378540039;1.1706174612045288;0.9855072498321533;1.1872234344482422
62;0.9991922378540039;1.154331088066101;0.97826087474823;1.1702404022216797
63;0.9951534867286682;1.1427123546600342;0.9855072498321533;1.1498695611953735
64;0.9959612488746643;1.1283255815505981;0.9927536249160767;1.1361582279205322
65;0.9975767135620117;1.1101950407028198;0.9855072498321533;1.1145269870758057
66;0.9983844757080078;1.0949184894561768;0.97826087474823;1.1116325855255127
67;0.9983844757080078;1.079196572303772;0.97826087474823;1.099962592124939
68;0.9975767135620117;1.063323974609375;0.97826087474823;1.0741972923278809
69;0.9991922378540039;1.0464682579040527;0.9855072498321533;1.06248939037323
70;1.0;1.0311470031738281;0.97826087474823;1.0454918146133423
71;1.0;1.0140117406845093;0.9927536249160767;1.025905728340149
72;1.0;0.9977837800979614;0.9855072498321533;1.0128227472305298
73;0.9975767135620117;0.9867451190948486;0.97826087474823;0.9991313815116882
74;1.0;0.9706867337226868;0.9855072498321533;0.981541633605957
75;0.9983844757080078;0.9600321054458618;0.9927536249160767;0.9703525900840759
76;0.9983844757080078;0.9461364150047302;0.9855072498321533;0.9551024436950684
77;0.9991922378540039;0.9302300214767456;0.9855072498321533;0.9461960792541504
78;0.9983844757080078;0.9199333190917969;0.9927536249160767;0.9279195666313171
79;0.9967690110206604;0.9098444581031799;0.9855072498321533;0.9228880405426025
80;1.0;0.892760157585144;0.97826087474823;0.9086891412734985
81;0.9983844757080078;0.8795096278190613;0.97826087474823;0.9025790691375732
82;0.9991922378540039;0.8676230311393738;0.9855072498321533;0.8785868883132935
83;0.9983844757080078;0.8565351366996765;0.9855072498321533;0.8635113835334778
84;1.0;0.8425366878509521;0.97826087474823;0.8560815453529358
85;0.9991922378540039;0.8276086449623108;0.9927536249160767;0.8382223844528198
86;1.0;0.8176970481872559;0.9855072498321533;0.8298632502555847
87;1.0;0.8029195070266724;0.9855072498321533;0.8188809752464294
88;1.0;0.7921846508979797;0.97826087474823;0.8111370205879211
89;0.9991922378540039;0.7851687669754028;0.97826087474823;0.7940994501113892
90;0.9991922378540039;0.7703844308853149;0.9855072498321533;0.7795310616493225
91;1.0;0.7579506635665894;0.9855072498321533;0.775985062122345
92;0.9991922378540039;0.7477710247039795;0.9927536249160767;0.7645595073699951
93;1.0;0.7375447154045105;0.9927536249160767;0.7457917928695679
94;0.9991922378540039;0.7267063856124878;0.9927536249160767;0.7342868447303772
95;1.0;0.7140589356422424;0.9855072498321533;0.7260904908180237
96;0.9983844757080078;0.7060303092002869;0.9855072498321533;0.7187892198562622
97;1.0;0.6950012445449829;0.97826087474823;0.7179020047187805
98;1.0;0.6837168335914612;0.9855072498321533;0.6997697949409485
99;1.0;0.6726158261299133;0.9855072498321533;0.698025107383728
100;0.9983844757080078;0.667426586151123;0.9855072498321533;0.6815083622932434
101;0.9991922378540039;0.6550536751747131;0.97826087474823;0.6768361926078796
102;0.9991922378540039;0.6476296782493591;0.97826087474823;0.6695948243141174
103;0.9991922378540039;0.6378504633903503;0.97826087474823;0.6638076305389404
104;0.9991922378540039;0.628673255443573;0.97826087474823;0.6621204614639282
105;1.0;0.6173246502876282;0.97826087474823;0.6534451842308044
106;1.0;0.608773410320282;0.9855072498321533;0.6242625117301941
107;1.0;0.6002263426780701;0.97826087474823;0.6225616931915283
108;0.9983844757080078;0.5933258533477783;0.97826087474823;0.6136752963066101
109;1.0;0.5842920541763306;0.97826087474823;0.6049243211746216
110;1.0;0.5729283690452576;0.9855072498321533;0.5895364284515381
111;0.9991922378540039;0.5651748776435852;0.97826087474823;0.588355541229248
112;1.0;0.556644082069397;0.97826087474823;0.5825692415237427
113;1.0;0.5481351017951965;0.97826087474823;0.5705532431602478
114;0.9991922378540039;0.5418471693992615;0.97826087474823;0.5579978823661804
115;0.9991922378540039;0.5348876118659973;0.9710144996643066;0.5735422968864441
116;1.0;0.5250334143638611;0.97826087474823;0.5462376475334167
117;0.9983844757080078;0.5216331481933594;0.9855072498321533;0.5312955379486084
118;1.0;0.5100612044334412;0.9927536249160767;0.5234552025794983
119;1.0;0.5039586424827576;0.9855072498321533;0.5216391682624817
120;0.9991922378540039;0.4962267577648163;0.9855072498321533;0.5138036012649536
121;1.0;0.48728057742118835;1.0;0.4985894560813904
122;0.9991922378540039;0.48235994577407837;0.9927536249160767;0.49337419867515564
123;1.0;0.4738181233406067;0.9855072498321533;0.48910588026046753
124;1.0;0.46791931986808777;0.9927536249160767;0.480766236782074
125;1.0;0.46192771196365356;0.9855072498321533;0.48081323504447937
126;1.0;0.45320072770118713;0.97826087474823;0.4754106402397156
127;1.0;0.4473930597305298;0.97826087474823;0.46874386072158813
128;0.9991922378540039;0.4440186321735382;0.9855072498321533;0.4550340175628662
129;1.0;0.43388015031814575;0.97826087474823;0.46989706158638
130;1.0;0.4283837676048279;0.97826087474823;0.4432893395423889
131;1.0;0.4211689531803131;0.9855072498321533;0.4406897723674774
132;1.0;0.4155537188053131;0.97826087474823;0.4367437958717346
133;1.0;0.4095059335231781;0.97826087474823;0.4447871744632721
134;0.9991922378540039;0.40546756982803345;0.9855072498321533;0.4182835519313812
135;1.0;0.3974761366844177;0.97826087474823;0.41916558146476746
136;1.0;0.391200453042984;0.9855072498321533;0.41309240460395813
137;0.9991922378540039;0.38828209042549133;0.9855072498321533;0.4044041037559509
138;0.9991922378540039;0.38156962394714355;0.9855072498321533;0.39998915791511536
139;0.9991922378540039;0.37628722190856934;0.9855072498321533;0.3911774456501007
140;1.0;0.37150850892066956;0.9855072498321533;0.39249810576438904
141;0.9991922378540039;0.3655692934989929;0.9855072498321533;0.3826419711112976
142;1.0;0.3581695854663849;0.9855072498321533;0.37321481108665466
143;1.0;0.3534800410270691;0.9855072498321533;0.36940985918045044
144;1.0;0.34872907400131226;0.9855072498321533;0.3688996136188507
145;1.0;0.34225600957870483;0.97826087474823;0.3663262724876404
146;0.9983844757080078;0.3401623070240021;0.97826087474823;0.3701351583003998
147;1.0;0.33440840244293213;0.9855072498321533;0.35195133090019226
148;1.0;0.33066391944885254;0.97826087474823;0.3541167378425598
149;1.0;0.3247811198234558;0.9855072498321533;0.3439089357852936
150;1.0;0.31995826959609985;0.9855072498321533;0.35422012209892273
151;0.9991922378540039;0.31628087162971497;0.97826087474823;0.3483049273490906
152;1.0;0.3097551465034485;0.97826087474823;0.3345986008644104
153;1.0;0.3068137764930725;0.9927536249160767;0.3220336437225342
154;0.9991922378540039;0.3024059236049652;0.9927536249160767;0.3238333463668823
155;1.0;0.2965109050273895;0.9855072498321533;0.32203900814056396
156;0.9991922378540039;0.2937617003917694;0.9927536249160767;0.31055524945259094
157;1.0;0.2894846200942993;0.9927536249160767;0.30975541472435
158;1.0;0.2843860983848572;0.97826087474823;0.3105686604976654
159;1.0;0.2791307270526886;0.97826087474823;0.30829402804374695
160;1.0;0.27624937891960144;0.9855072498321533;0.2984117269515991
161;1.0;0.27176907658576965;0.9855072498321533;0.29023799300193787
162;1.0;0.2681724429130554;0.97826087474823;0.30384668707847595
163;1.0;0.2633606195449829;0.9855072498321533;0.28757819533348083
164;1.0;0.26047489047050476;0.9855072498321533;0.2867429852485657
165;1.0;0.25756219029426575;0.97826087474823;0.28010648488998413
166;1.0;0.2518281042575836;0.9855072498321533;0.2707240581512451
167;1.0;0.24836422502994537;0.9855072498321533;0.26725682616233826
168;1.0;0.24745851755142212;0.9855072498321533;0.26721125841140747
169;1.0;0.24229605495929718;0.97826087474823;0.2802569270133972
170;1.0;0.23959048092365265;0.9855072498321533;0.2675507664680481
171;0.9991922378540039;0.23683667182922363;0.9927536249160767;0.2583485245704651
172;1.0;0.23285342752933502;0.97826087474823;0.25807029008865356
173;1.0;0.2300431728363037;0.97826087474823;0.26780566573143005
174;1.0;0.22780199348926544;0.97826087474823;0.25266847014427185
175;1.0;0.2215583771467209;0.97826087474823;0.24360841512680054
176;1.0;0.22036080062389374;0.97826087474823;0.2549755871295929
177;1.0;0.2169976830482483;0.97826087474823;0.24136358499526978
178;1.0;0.21230822801589966;0.97826087474823;0.23816736042499542
179;1.0;0.20994654297828674;0.97826087474823;0.23785008490085602
180;1.0;0.20695273578166962;0.97826087474823;0.23486605286598206
181;0.9991922378540039;0.20546410977840424;0.97826087474823;0.2477750927209854
182;1.0;0.20155738294124603;0.9855072498321533;0.21845288574695587
183;1.0;0.19960488379001617;0.9855072498321533;0.22664792835712433
184;1.0;0.19488558173179626;0.9927536249160767;0.21570292115211487
185;0.9991922378540039;0.19333140552043915;0.9927536249160767;0.20678861439228058
186;1.0;0.1908758133649826;0.9855072498321533;0.21325106918811798
187;1.0;0.18775221705436707;0.97826087474823;0.21143904328346252
188;1.0;0.18492446839809418;0.9927536249160767;0.20051126182079315
189;1.0;0.18183138966560364;0.97826087474823;0.20596817135810852
190;0.9991922378540039;0.18255490064620972;0.9855072498321533;0.19757655262947083
191;0.9991922378540039;0.18060918152332306;0.9710144996643066;0.22188757359981537
192;1.0;0.1741017997264862;0.97826087474823;0.19731123745441437
193;1.0;0.17268642783164978;0.9927536249160767;0.19547387957572937
194;0.9983844757080078;0.1720556765794754;1.0;0.1821688711643219
195;0.9991922378540039;0.1684376299381256;0.97826087474823;0.1954789012670517
196;1.0;0.1646941900253296;0.97826087474823;0.19598372280597687
197;1.0;0.16417928040027618;0.97826087474823;0.19223034381866455
198;1.0;0.16331015527248383;0.9855072498321533;0.19437722861766815
199;1.0;0.15820102393627167;0.9855072498321533;0.17927642166614532
